Workbook

Sheet Página1
A1: Estado | B1: Pos. | C1: Cidade | D1: Pop. (Censo2010)[1] | E1: Pop. (Estim. 2019)[2] | F1: % de População | G1: Área (km²) | H1: Microrregião | I1: Mesorregião | J1: Visitado | K1: Igreja visitada | L1: Postado Face
A2: =_xludf.CONCAT(C2," (RS)") -> #NAME? | B2: 270 | C2: Aceguá | D2: 4394 | E2: 4858 | F2: =E2/$E$504 -> 0.00042659954 | G2: 1551.339 | H2: Campanha Meridional | I2: Sudoeste | L2: Não | M2: Total | N2: 497
A3: =_xludf.CONCAT(C3," (RS)") -> #NAME? | B3: 324 | C3: Água Santa | D3: 3726 | E3: 3753 | F3: =E3/$E$504 -> 0.00032956527 | G3: 291.503 | H3: Passo Fundo | I3: Noroeste | J3: 44027 | K3: Igreja Santo Antônio | L3: Sim | M3: Visitados | N3: =497-COUNTIF(J2:J503,"") -> 316 | O3: =N3/$N$2 -> 0.63581489
A4: =_xludf.CONCAT(C4," (RS)") -> #NAME? | B4: 117 | C4: Agudo | D4: 16729 | E4: 16461 | F4: =E4/$E$504 -> 0.0014455033 | G4: 534.624 | H4: Restinga Seca | I4: Centro Ocidental | J4: 45532 | K4: São Bonifácio | L4: Não | M4: Faltam | N4: =497-N3 -> 181
A5: =_xludf.CONCAT(C5," (RS)") -> #NAME? | B5: 204 | C5: Ajuricaba | D5: 7255 | E5: 7024 | F5: =E5/$E$504 -> 0.00061680428 | G5: 322.699 | H5: Ijuí | I5: Noroeste | L5: Não | M5: Postados no Face | N5: =COUNTIF(L:L,"Sim") -> 70 | O5: =N5/$N$2 -> 0.14084507
A6: =_xludf.CONCAT(C6," (RS)") -> #NAME? | B6: 239 | C6: Alecrim | D6: 7045 | E6: 5950 | F6: =E6/$E$504 -> 0.00052249224 | G6: 316.394 | H6: Santa Rosa | I6: Noroeste | L6: Não
A7: =_xludf.CONCAT(C7," (RS)") -> #NAME? | B7: 28 | C7: Alegrete | D7: 77673 | E7: 73589 | F7: =E7/$E$504 -> 0.0064621313 | G7: 7800.163 | H7: Campanha Ocidental | I7: Sudoeste | L7: Não
A8: =_xludf.CONCAT(C8," (RS)") -> #NAME? | B8: 333 | C8: Alegria | D8: 4301 | E8: 3559 | F8: =E8/$E$504 -> 0.00031252939 | G8: 172.794 | H8: Ijuí | I8: Noroeste | L8: Não
A9: =_xludf.CONCAT(C9," (RS)") -> #NAME? | B9: 462 | C9: Almirante Tamandaré do Sul | D9: 2062 | E9: 1979 | F9: =E9/$E$504 -> 0.00017378355 | G9: 265.327 | H9: Carazinho | I9: Noroeste | J9: 46180 | K9: São João Batista | L9: Não
A10: =_xludf.CONCAT(C10," (RS)") -> #NAME? | B10: 229 | C10: Alpestre | D10: 8027 | E10: 6258 | F10: =E10/$E$504 -> 0.00054953889 | G10: 325.979 | H10: Frederico Westphalen | I10: Noroeste | J10: 46178 | K10: São Francisco | L10: Não
A11: =_xludf.CONCAT(C11," (RS)") -> #NAME? | B11: 482 | C11: Alto Alegre | D11: 1848 | E11: 1663 | F11: =E11/$E$504 -> 0.00014603438 | G11: 115.335 | H11: Cruz Alta | I11: Noroeste | L11: Não
A12: =_xludf.CONCAT(C12," (RS)") -> #NAME? | B12: 364 | C12: Alto Feliz | D12: 2908 | E12: 3020 | F12: =E12/$E$504 -> 0.00026519774 | G12: 78.846 | H12: Montenegro | I12: Metropolitana | J12: 43984 | K12: Igreja Santo Inácio da Feliz | L12: Não
A13: =_xludf.CONCAT(C13," (RS)") -> #NAME? | B13: 11 | C13: Alvorada | D13: 195718 | E13: 210305 | F13: =E13/$E$504 -> 0.018467686 | G13: 71.648 | H13: Porto Alegre | I13: Metropolitana | J13: 43998 | K13: Igreja Santo Antônio | L13: Sim
A14: =_xludf.CONCAT(C14," (RS)") -> #NAME? | B14: 203 | C14: Amaral Ferrador | D14: 6355 | E14: 7031 | F14: =E14/$E$504 -> 0.00061741898 | G14: 505.983 | H14: Serras de Sudeste | I14: Sudeste | L14: Não
A15: =_xludf.CONCAT(C15," (RS)") -> #NAME? | B15: 197 | C15: Ametista do Sul | D15: 7323 | E15: 7409 | F15: =E15/$E$504 -> 0.0006506126 | G15: 93.704 | H15: Frederico Westphalen | I15: Noroeste | J15: 44845 | K15: São Miguel Arcanjo | L15: VISITAMOS NOVAMENTE EM 05/06/2024
A16: =_xludf.CONCAT(C16," (RS)") -> #NAME? | B16: 495 | C16: André da Rocha | D16: 1216 | E16: 1324 | F16: =E16/$E$504 -> 0.0001162655 | G16: 331.227 | H16: Guaporé | I16: Nordeste | J16: 44015 | K16: Igreja São Sebastião | L16: Não
A17: =_xludf.CONCAT(C17," (RS)") -> #NAME? | B17: 237 | C17: Anta Gorda | D17: 6073 | E17: 5981 | F17: =E17/$E$504 -> 0.00052521447 | G17: 242.26 | H17: Guaporé | I17: Nordeste | J17: 44026 | K17: Igreja São Carlos | L17: Sim
A18: =_xludf.CONCAT(C18," (RS)") -> #NAME? | B18: 139 | C18: Antônio Prado | D18: 12837 | E18: 13050 | F18: =E18/$E$504 -> 0.0011459704 | G18: 348.191 | H18: Caxias do Sul | I18: Nordeste | J18: 44015 | K18: Igreja Sagrado Coração de Jesus | L18: Não
A19: =_xludf.CONCAT(C19," (RS)") -> #NAME? | B19: 329 | C19: Arambaré | D19: 3693 | E19: 3600 | F19: =E19/$E$504 -> 0.00031612976 | G19: 518.193 | H19: Camaquã | I19: Metropolitana | J19: 44196 | K19: Igreja Nossa Senhora dos Navegantes | L19: Sim
A20: =_xludf.CONCAT(C20," (RS)") -> #NAME? | B20: 247 | C20: Araricá | D20: 4868 | E20: 5698 | F20: =E20/$E$504 -> 0.00050036315 | G20: 35.296 | H20: Porto Alegre | I20: Metropolitana | J20: 43965 | K20: Igreja Nossa Senhora da Conceição | L20: Sim
A21: =_xludf.CONCAT(C21," (RS)") -> #NAME? | B21: 231 | C21: Aratiba | D21: 6568 | E21: 6235 | F21: =E21/$E$504 -> 0.00054751918 | G21: 342.279 | H21: Erechim | I21: Noroeste | J21: 46178 | K21: São Tiago | L21: Não
A22: =_xludf.CONCAT(C22," (RS)") -> #NAME? | B22: 107 | C22: Arroio do Meio | D22: 18783 | E22: 20805 | F22: =E22/$E$504 -> 0.0018269666 | G22: 157.58 | H22: Lajeado-Estrela | I22: Centro Oriental | J22: 44389 | K22: Igreja Nossa Senhora do Perpétuo Socorro | L22: Não
A23: =_xludf.CONCAT(C23," (RS)") -> #NAME? | B23: 376 | C23: Arroio do Padre | D23: 2730 | E23: 2921 | F23: =E23/$E$504 -> 0.00025650417 | G23: 124.693 | H23: Pelotas | I23: Sudeste | L23: Não
A24: =_xludf.CONCAT(C24," (RS)") -> #NAME? | B24: 167 | C24: Arroio do Sal | D24: 7744 | E24: 10065 | F24: =E24/$E$504 -> 0.00088384611 | G24: 119.163 | H24: Osório | I24: Metropolitana | J24: 43999 | K24: Igreja Nossa Senhora de Lourdes | L24: Sim
A25: =_xludf.CONCAT(C25," (RS)") -> #NAME? | B25: 138 | C25: Arroio do Tigre | D25: 12648 | E25: 13373 | F25: =E25/$E$504 -> 0.0011743342 | G25: 315.132 | H25: Santa Cruz do Sul | I25: Centro Oriental | L25: Não
A26: =_xludf.CONCAT(C26," (RS)") -> #NAME? | B26: 129 | C26: Arroio dos Ratos | D26: 13608 | E26: 14151 | F26: =E26/$E$504 -> 0.0012426534 | G26: 425.791 | H26: São Jerônimo | I26: Metropolitana | L26: Não
A27: =_xludf.CONCAT(C27," (RS)") -> #NAME? | B27: 113 | C27: Arroio Grande | D27: 18469 | E27: 18293 | F27: =E27/$E$504 -> 0.0016063782 | G27: 2508.545 | H27: Jaguarão | I27: Sudeste | J27: 43988 | K27: Igreja Nossa Senhora da Graça | L27: Não
A28: =_xludf.CONCAT(C28," (RS)") -> #NAME? | B28: 161 | C28: Arvorezinha | D28: 10229 | E28: 10424 | F28: =E28/$E$504 -> 0.00091537127 | G28: 270.241 | H28: Guaporé | I28: Nordeste | J28: 44026 | K28: Igreja São João Batista | L28: Não
A29: =_xludf.CONCAT(C29," (RS)") -> #NAME? | B29: 216 | C29: Augusto Pestana | D29: 7097 | E29: 6661 | F29: =E29/$E$504 -> 0.00058492786 | G29: 348.33 | H29: Ijuí | I29: Noroeste | L29: Não
A30: =_xludf.CONCAT(C30," (RS)") -> #NAME? | B30: 332 | C30: Áurea | D30: 3665 | E30: 3573 | F30: =E30/$E$504 -> 0.00031375878 | G30: 156.727 | H30: Erechim | I30: Noroeste | J30: 44391 | K30: Igreja Nossa Senhora do Monte Claro | L30: Não
A31: =_xludf.CONCAT(C31," (RS)") -> #NAME? | B31: 17 | C31: Bagé | D31: 116792 | E31: 121143 | F31: =E31/$E$504 -> 0.01063803 | G31: 4090.36 | H31: Campanha Meridional | I31: Sudoeste | L31: Não
A32: =_xludf.CONCAT(C32," (RS)") -> #NAME? | B32: 131 | C32: Balneário Pinhal | D32: 10855 | E32: 14068 | F32: =E32/$E$504 -> 0.0012353648 | G32: 102.386 | H32: Osório | I32: Metropolitana | J32: 43999 | K32: Igreja Santo Antônio de Pádua | L32: Não
A33: =_xludf.CONCAT(C33," (RS)") -> #NAME? | B33: 233 | C33: Barão | D33: 5742 | E33: 6171 | F33: =E33/$E$504 -> 0.00054189909 | G33: 124.113 | H33: Montenegro | I33: Metropolitana | J33: 43985 | K33: Igreja São José | L33: Sim
A34: =_xludf.CONCAT(C34," (RS)") -> #NAME? | B34: 218 | C34: Barão de Cotegipe | D34: 6529 | E34: 6623 | F34: =E34/$E$504 -> 0.00058159094 | G34: 260.505 | H34: Erechim | I34: Noroeste | L34: Não
A35: =_xludf.CONCAT(C35," (RS)") -> #NAME? | B35: 194 | C35: Barão do Triunfo | D35: 7018 | E35: 7487 | F35: =E35/$E$504 -> 0.00065746208 | G35: 436.101 | H35: São Jerônimo | I35: Metropolitana | L35: Não
A36: =_xludf.CONCAT(C36," (RS)") -> #NAME? | B36: 350 | C36: Barra do Guarita | D36: 3089 | E36: 3238 | F36: =E36/$E$504 -> 0.00028434115 | G36: 62.801 | H36: Três Passos | I36: Noroeste | L36: Não
A37: =_xludf.CONCAT(C37," (RS)") -> #NAME? | B37: 306 | C37: Barra do Quaraí | D37: 4016 | E37: 4202 | F37: =E37/$E$504 -> 0.00036899368 | G37: 1055.937 | H37: Campanha Ocidental | I37: Sudoeste | L37: Não
A38: =_xludf.CONCAT(C38," (RS)") -> #NAME? | B38: 135 | C38: Barra do Ribeiro | D38: 12568 | E38: 13491 | F38: =E38/$E$504 -> 0.0011846963 | G38: 729.316 | H38: Camaquã | I38: Metropolitana | J38: 43987 | K38: Igreja São José, | L38: Sim
A39: =_xludf.CONCAT(C39," (RS)") -> #NAME? | B39: 476 | C39: Barra do Rio Azul | D39: 2003 | E39: 1726 | F39: =E39/$E$504 -> 0.00015156666 | G39: 146.995 | H39: Erechim | I39: Noroeste | J39: 46178 | K39: Nossa Senhora Medianeira | L39: Não
A40: =_xludf.CONCAT(C40," (RS)") -> #NAME? | B40: 415 | C40: Barra Funda | D40: 2367 | E40: 2527 | F40: =E40/$E$504 -> 0.00022190553 | G40: 60.437 | H40: Carazinho | I40: Noroeste | L40: Não
A41: =_xludf.CONCAT(C41," (RS)") -> #NAME? | B41: 260 | C41: Barracão | D41: 5355 | E41: 5275 | F41: =E41/$E$504 -> 0.00046321791 | G41: 515.469 | H41: Sananduva | I41: Noroeste | J41: 44050 | K41: Nossa Senhora das Dores | L41: Não
A42: =_xludf.CONCAT(C42," (RS)") -> #NAME? | B42: 155 | C42: Barros Cassal | D42: 11133 | E42: 11199 | F42: =E42/$E$504 -> 0.00098342699 | G42: 647.994 | H42: Soledade | I42: Noroeste | J42: 44390 | K42: Igreja Nossa Senhora Medianeira | L42: Não
A43: =_xludf.CONCAT(C43," (RS)") -> #NAME? | B43: 453 | C43: Benjamin Constant do Sul | D43: 2307 | E43: 2031 | F43: =E43/$E$504 -> 0.00017834987 | G43: 132.351 | H43: Erechim | I43: Noroeste | J43: 46178 | K43: São Roque | L43: Não
A44: =_xludf.CONCAT(C44," (RS)") -> #NAME? | B44: 18 | C44: Bento Gonçalves | D44: 107341 | E44: 120454 | F44: =E44/$E$504 -> 0.010577526 | G44: 273.576 | H44: Caxias do Sul | I44: Nordeste | J44: 43985 | K44: Igreja Cristo Rei | L44: Não
A45: =_xludf.CONCAT(C45," (RS)") -> #NAME? | B45: 444 | C45: Boa Vista das Missões | D45: 2114 | E45: 2104 | F45: =E45/$E$504 -> 0.00018476028 | G45: 196.064 | H45: Carazinho | I45: Noroeste | L45: Não
A46: =_xludf.CONCAT(C46," (RS)") -> #NAME? | B46: 212 | C46: Boa Vista do Buricá | D46: 6576 | E46: 6712 | F46: =E46/$E$504 -> 0.00058940637 | G46: 109.557 | H46: Três Passos | I46: Noroeste | L46: Não
A47: =_xludf.CONCAT(C47," (RS)") -> #NAME? | B47: 418 | C47: Boa Vista do Cadeado | D47: 2441 | E47: 2473 | F47: =E47/$E$504 -> 0.00021716358 | G47: 701.315 | H47: Cruz Alta | I47: Noroeste | L47: Não
A48: =_xludf.CONCAT(C48," (RS)") -> #NAME? | B48: 405 | C48: Boa Vista do Incra | D48: 2425 | E48: 2590 | F48: =E48/$E$504 -> 0.0002274378 | G48: 504.114 | H48: Cruz Alta | I48: Noroeste | L48: Não
A49: =_xludf.CONCAT(C49," (RS)") -> #NAME? | B49: 387 | C49: Boa Vista do Sul | D49: 2778 | E49: 2788 | F49: =E49/$E$504 -> 0.00024482493 | G49: 92.956 | H49: Caxias do Sul | I49: Nordeste | J49: 44025 | K49: Igreja São Francisco Xavier | L49: Sim
A50: =_xludf.CONCAT(C50," (RS)") -> #NAME? | B50: 152 | C50: Bom Jesus | D50: 11556 | E50: 11349 | F50: =E50/$E$504 -> 0.00099659906 | G50: 2623.12 | H50: Vacaria | I50: Nordeste | J50: 43947 | K50: Igreja do Senhor Bom Jesus | L50: Não
A51: =_xludf.CONCAT(C51," (RS)") -> #NAME? | B51: 132 | C51: Bom Princípio | D51: 11792 | E51: 14055 | F51: =E51/$E$504 -> 0.0012342233 | G51: 88.774 | H51: Montenegro | I51: Metropolitana | J51: 43980 | K51: Igreja Nossa Senhora Da Purificacao | L51: Não
A52: =_xludf.CONCAT(C52," (RS)") -> #NAME? | B52: 461 | C52: Bom Progresso | D52: 2328 | E52: 1987 | F52: =E52/$E$504 -> 0.00017448606 | G52: 89.211 | H52: Três Passos | I52: Noroeste | L52: Não
A53: =_xludf.CONCAT(C53," (RS)") -> #NAME? | B53: 144 | C53: Bom Retiro do Sul | D53: 11472 | E53: 12328 | F53: =E53/$E$504 -> 0.0010825688 | G53: 102.326 | H53: Lajeado-Estrela | I53: Centro Oriental | J53: 44389 | K53: Igreja Sagrada Família | L53: Não
A54: =_xludf.CONCAT(C54," (RS)") -> #NAME? | B54: 189 | C54: Boqueirão do Leão | D54: 7673 | E54: 7714 | F54: =E54/$E$504 -> 0.00067739582 | G54: 265.58 | H54: Lajeado-Estrela | I54: Centro Oriental | J54: 44390 | K54: Igreja São João Batista | L54: Sim
A55: =_xludf.CONCAT(C55," (RS)") -> #NAME? | B55: 228 | C55: Bossoroca | D55: 6887 | E55: 6279 | F55: =E55/$E$504 -> 0.00055138298 | G55: 1610.056 | H55: Santo Ângelo | I55: Noroeste | L55: Não
A56: =_xludf.CONCAT(C56," (RS)") -> #NAME? | B56: 440 | C56: Bozano | D56: 2200 | E56: 2135 | F56: =E56/$E$504 -> 0.00018748251 | G56: 200.55 | H56: Ijuí | I56: Noroeste | J56: 44171 | K56: igreja N. A. Saúde | L56: Sim
A57: =_xludf.CONCAT(C57," (RS)") -> #NAME? | B57: 340 | C57: Braga | D57: 3702 | E57: 3397 | F57: =E57/$E$504 -> 0.00029830355 | G57: 131.631 | H57: Três Passos | I57: Noroeste | L57: Não
A58: =_xludf.CONCAT(C58," (RS)") -> #NAME? | B58: 265 | C58: Brochier | D58: 4677 | E58: 5074 | F58: =E58/$E$504 -> 0.00044556733 | G58: 105.353 | H58: Montenegro | I58: Metropolitana | J58: 44025 | K58: Igreja São João Batista | L58: Não
A59: =_xludf.CONCAT(C59," (RS)") -> #NAME? | B59: 106 | C59: Butiá | D59: 20555 | E59: 20941 | F59: =E59/$E$504 -> 0.0018389092 | G59: 752.187 | H59: São Jerônimo | I59: Metropolitana | L59: Não
A60: =_xludf.CONCAT(C60," (RS)") -> #NAME? | B60: 65 | C60: Caçapava do Sul | D60: 33700 | E60: 33624 | F60: =E60/$E$504 -> 0.0029526519 | G60: 3047.113 | H60: Serras de Sudeste | I60: Sudeste | L60: Não
A61: =_xludf.CONCAT(C61," (RS)") -> #NAME? | B61: 141 | C61: Cacequi | D61: 13685 | E61: 12561 | F61: =E61/$E$504 -> 0.0011030294 | G61: 2373.174 | H61: Santa Maria | I61: Centro Ocidental | L61: Não
A62: =_xludf.CONCAT(C62," (RS)") -> #NAME? | B62: 24 | C62: Cachoeira do Sul | D62: 83827 | E62: 82201 | F62: =E62/$E$504 -> 0.0072183839 | G62: 3736.158 | H62: Cachoeira do Sul | I62: Centro Oriental | L62: Não
A63: =_xludf.CONCAT(C63," (RS)") -> #NAME? | B63: 15 | C63: Cachoeirinha | D63: 118278 | E63: 130293 | F63: =E63/$E$504 -> 0.011441526 | G63: 43.782 | H63: Porto Alegre | I63: Metropolitana | J63: 43903 | K63: Igreja de São Vicente de Paulo | L63: Sim
A64: =_xludf.CONCAT(C64," (RS)") -> #NAME? | B64: 266 | C64: Cacique Doble | D64: 4865 | E64: 5065 | F64: =E64/$E$504 -> 0.00044477701 | G64: 204.055 | H64: Sananduva | I64: Noroeste | J64: 44050 | K64: Nossa Senhora de Lourdes | L64: Não
A65: =_xludf.CONCAT(C65," (RS)") -> #NAME? | B65: 271 | C65: Caibaté | D65: 4954 | E65: 4856 | F65: =E65/$E$504 -> 0.00042642392 | G65: 261.303 | H65: Cerro Largo | I65: Noroeste | J65: 44170 | K65: Igreja Santa Lúcia | L65: Não
A66: =_xludf.CONCAT(C66," (RS)") -> #NAME? | B66: 276 | C66: Caiçara | D66: 5071 | E66: 4788 | F66: =E66/$E$504 -> 0.00042045258 | G66: 189.16 | H66: Frederico Westphalen | I66: Noroeste | L66: Não
A67: =_xludf.CONCAT(C67," (RS)") -> #NAME? | B67: 33 | C67: Camaquã | D67: 62759 | E67: 66261 | F67: =E67/$E$504 -> 0.0058186316 | G67: 1680.168 | H67: Camaquã | I67: Metropolitana | J67: 43961 | K67: Igreja São João Batista | L67: Não
A68: =_xludf.CONCAT(C68," (RS)") -> #NAME? | B68: 396 | C68: Camargo | D68: 2591 | E68: 2724 | F68: =E68/$E$504 -> 0.00023920485 | G68: 138.069 | H68: Passo Fundo | I68: Noroeste | J68: 44026 | K68: Igreja Santo Antônio | L68: Sim
A69: =_xludf.CONCAT(C69," (RS)") -> #NAME? | B69: 225 | C69: Cambará do Sul | D69: 6545 | E69: 6431 | F69: =E69/$E$504 -> 0.00056473069 | G69: 1207.916 | H69: Vacaria | I69: Nordeste | J69: 43947 | K69: Igreja de São José | L69: Não
A70: =_xludf.CONCAT(C70," (RS)") -> #NAME? | B70: 343 | C70: Campestre da Serra | D70: 3247 | E70: 3380 | F70: =E70/$E$504 -> 0.00029681072 | G70: 537.994 | H70: Vacaria | I70: Nordeste | J70: 44015 | K70: Igreja Nossa Senhota Auxiliadora | L70: Não
A71: =_xludf.CONCAT(C71," (RS)") -> #NAME? | B71: 253 | C71: Campina das Missões | D71: 6117 | E71: 5474 | F71: =E71/$E$504 -> 0.00048069286 | G71: 224.801 | H71: Cerro Largo | I71: Noroeste | L71: Não
A72: =_xludf.CONCAT(C72," (RS)") -> #NAME? | B72: 254 | C72: Campinas do Sul | D72: 5509 | E72: 5454 | F72: =E72/$E$504 -> 0.00047893658 | G72: 276.162 | H72: Erechim | I72: Noroeste | J72: 46178 | K72: Nossa Senhora do Navegantes | L72: Não
A73: =_xludf.CONCAT(C73," (RS)") -> #NAME? | B73: 32 | C73: Campo Bom | D73: 60081 | E73: 66712 | F73: =E73/$E$504 -> 0.0058582356 | G73: 60.809 | H73: Porto Alegre | I73: Metropolitana | J73: 43980 | K73: Igreja Santa Teresinha | L73: Sim
A74: =_xludf.CONCAT(C74," (RS)") -> #NAME? | B74: 292 | C74: Campo Novo | D74: 5459 | E74: 4596 | F74: =E74/$E$504 -> 0.00040359232 | G74: 220.719 | H74: Três Passos | I74: Noroeste | L74: Não
A75: =_xludf.CONCAT(C75," (RS)") -> #NAME? | B75: 345 | C75: Campos Borges | D75: 3494 | E75: 3345 | F75: =E75/$E$504 -> 0.00029373723 | G75: 226.202 | H75: Cruz Alta | I75: Noroeste | L75: Não
A76: =_xludf.CONCAT(C76," (RS)") -> #NAME? | B76: 70 | C76: Candelária | D76: 30176 | E76: 31365 | F76: =E76/$E$504 -> 0.0027542805 | G76: 944.058 | H76: Santa Cruz do Sul | I76: Centro Oriental | J76: 44790 | K76: Igreja Nossa Senhora da Candelária | L76: Não
A77: =_xludf.CONCAT(C77," (RS)") -> #NAME? | B77: 232 | C77: Cândido Godói | D77: 6535 | E77: 6198 | F77: =E77/$E$504 -> 0.00054427006 | G77: 247.047 | H77: Santa Rosa | I77: Noroeste | L77: Não
A78: =_xludf.CONCAT(C78," (RS)") -> #NAME? | B78: 170 | C78: Candiota | D78: 8776 | E78: 9584 | F78: =E78/$E$504 -> 0.00084160766 | G78: 933.628 | H78: Serras de Sudeste | I78: Sudeste | L78: Não
A79: =_xludf.CONCAT(C79," (RS)") -> #NAME? | B79: 48 | C79: Canela | D79: 39238 | E79: 44998 | F79: =E79/$E$504 -> 0.0039514463 | G79: 253.704 | H79: Gramado-Canela | I79: Metropolitana | J79: 43947 | K79: Igreja Nossa Senhora de Lourdes | L79: Não
A80: =_xludf.CONCAT(C80," (RS)") -> #NAME? | B80: 42 | C80: Canguçu | D80: 53268 | E80: 56045 | F80: =E80/$E$504 -> 0.0049215256 | G80: 3526.253 | H80: Pelotas | I80: Sudeste | L80: Não
A81: =_xludf.CONCAT(C81," (RS)") -> #NAME? | B81: 3 | C81: Canoas | D81: 323827 | E81: 350022 | F81: =E81/$E$504 -> 0.030736769 | G81: 130.789 | H81: Porto Alegre | I81: Metropolitana | J81: 43969 | K81: Paróquia São João Batista | L81: Não
A82: =_xludf.CONCAT(C82," (RS)") -> #NAME? | B82: 474 | C82: Canudos do Vale | D82: 1807 | E82: 1729 | F82: =E82/$E$504 -> 0.0001518301 | G82: 82.292 | H82: Lajeado-Estrela | I82: Centro Oriental | J82: 44389 | K82: Igreja Nossa senhora da Natividade | L82: Não
A83: =_xludf.CONCAT(C83," (RS)") -> #NAME? | B83: 479 | C83: Capão Bonito do Sul | D83: 1753 | E83: 1668 | F83: =E83/$E$504 -> 0.00014647345 | G83: 526.85 | H83: Vacaria | I83: Nordeste | J83: 44016 | K83: Igreja Nossa Senhora do Caravaggio | L83: Não
A84: =_xludf.CONCAT(C84," (RS)") -> #NAME? | B84: 43 | C84: Capão da Canoa | D84: 42047 | E84: 53049 | F84: =E84/$E$504 -> 0.0046584354 | G84: 98.29 | H84: Osório | I84: Metropolitana | J84: 43999 | K84: Igreja Nossa Senhora de Lourdes | L84: Não
A85: =_xludf.CONCAT(C85," (RS)") -> #NAME? | B85: 328 | C85: Capão do Cipó | D85: 3107 | E85: 3602 | F85: =E85/$E$504 -> 0.00031630538 | G85: 1007.796 | H85: Santiago | I85: Centro Ocidental | L85: Não
A86: =_xludf.CONCAT(C86," (RS)") -> #NAME? | B86: 89 | C86: Capão do Leão | D86: 24294 | E86: 25354 | F86: =E86/$E$504 -> 0.0022264316 | G86: 783.624 | H86: Pelotas | I86: Sudeste | J86: 43988 | K86: Igreja Santa Tecla | L86: Não
A87: =_xludf.CONCAT(C87," (RS)") -> #NAME? | B87: 147 | C87: Capela de Santana | D87: 11613 | E87: 11940 | F87: =E87/$E$504 -> 0.001048497 | G87: 183.12 | H87: Montenegro | I87: Metropolitana | J87: 43977 | K87: Igreja Santa Ana | L87: Não
A88: =_xludf.CONCAT(C88," (RS)") -> #NAME? | B88: 393 | C88: Capitão | D88: 2636 | E88: 2750 | F88: =E88/$E$504 -> 0.00024148801 | G88: 73.967 | H88: Lajeado-Estrela | I88: Centro Oriental | J88: 44027 | K88: Nossa Senhora de Fátima | L88: Não
A89: =_xludf.CONCAT(C89," (RS)") -> #NAME? | B89: 293 | C89: Capivari do Sul | D89: 3890 | E89: 4589 | F89: =E89/$E$504 -> 0.00040297763 | G89: 412.889 | H89: Osório | I89: Metropolitana | J89: 43960 | K89: Igreja São Jorge | L89: Não
A90: =_xludf.CONCAT(C90," (RS)") -> #NAME? | B90: 180 | C90: Caraá | D90: 7313 | E90: 8270 | F90: =E90/$E$504 -> 0.0007262203 | G90: 294.456 | H90: Osório | I90: Metropolitana | J90: 43979 | K90: Igreja São Cristóvão | L90: Não
A91: =_xludf.CONCAT(C91," (RS)") -> #NAME? | B91: 36 | C91: Carazinho | D91: 59301 | E91: 62110 | F91: =E91/$E$504 -> 0.0054541164 | G91: 665.229 | H91: Carazinho | I91: Noroeste | J91: 44171 | K91: Igreja São João | L91: Não
A92: =_xludf.CONCAT(C92," (RS)") -> #NAME? | B92: 74 | C92: Carlos Barbosa | D92: 25193 | E92: 29833 | F92: =E92/$E$504 -> 0.0026197497 | G92: 230.68 | H92: Caxias do Sul | I92: Nordeste | J92: 43984 | K92: Igreja Nossa Senhora Mãe se Deus | L92: Não
A93: =_xludf.CONCAT(C93," (RS)") -> #NAME? | B93: 494 | C93: Carlos Gomes | D93: 1607 | E93: 1404 | F93: =E93/$E$504 -> 0.00012329061 | G93: 83.155 | H93: Erechim | I93: Noroeste | J93: 44390 | K93: igreja Santa Ana | L93: Não
A94: =_xludf.CONCAT(C94," (RS)") -> #NAME? | B94: 173 | C94: Casca | D94: 8648 | E94: 9031 | F94: =E94/$E$504 -> 0.00079304662 | G94: 272.041 | H94: Passo Fundo | I94: Noroeste | J94: 43985 | K94: Igreja São Luiz Gonzaga | L94: Não
A95: =_xludf.CONCAT(C95," (RS)") -> #NAME? | B95: 354 | C95: Caseiros | D95: 3007 | E95: 3189 | F95: =E95/$E$504 -> 0.00028003828 | G95: 235.863 | H95: Passo Fundo | I95: Noroeste | J95: 43928 | K95: Igreja Nossa Senhora Conceição | L95: Não
A96: =_xludf.CONCAT(C96," (RS)") -> #NAME? | B96: 174 | C96: Catuípe | D96: 9323 | E96: 8774 | F96: =E96/$E$504 -> 0.00077047847 | G96: 583.184 | H96: Santo Ângelo | I96: Noroeste | L96: Não
A97: =_xludf.CONCAT(C97," (RS)") -> #NAME? | B97: 2 | C97: Caxias do Sul | D97: 437889 | E97: 515213 | F97: =E97/$E$504 -> 0.045242822 | G97: 1652.378 | H97: Caxias do Sul | I97: Nordeste | J97: 43986 | K97: Igreja Santa Teresa D'avila | L97: Não
A98: =_xludf.CONCAT(C98," (RS)") -> #NAME? | B98: 377 | C98: Centenário | D98: 2967 | E98: 2905 | F98: =E98/$E$504 -> 0.00025509915 | G98: 134.23 | H98: Erechim | I98: Noroeste | J98: 44390 | K98: Igreja Santo André Bobola | L98: Não
A99: =_xludf.CONCAT(C99," (RS)") -> #NAME? | B99: 235 | C99: Cerrito | D99: 6404 | E99: 6091 | F99: =E99/$E$504 -> 0.00053487399 | G99: 451.699 | H99: Pelotas | I99: Sudeste | J99: 43988 | K99: Igreja São Pedro Apóstolo | L99: Sim
A100: =_xludf.CONCAT(C100," (RS)") -> #NAME? | B100: 286 | C100: Cerro Branco | D100: 4454 | E100: 4676 | F100: =E100/$E$504 -> 0.00041061743 | G100: 158.025 | H100: Cachoeira do Sul | I100: Centro Oriental | L100: Não
...

Sheet Página6

Sheet Página3

Sheet Página2
A1: Posição | B1: Município | C1: Área (km²)[1] | D1: % do estado | H1: Microrregião | I1: area | J1: municipios | M1: Municípios | N1: População | O1: %
A2: 42 | B2: Aceguá | C2: 1551.339 | D2: 0.5507 | H2: Cachoeira do Sul | I2: =SUMIF(Página1!$H$2:$H$503,H2,Página1!$G$2:$G$503) -> 7582.185 | J2: =COUNTIF(Página1!$H$2:$H$503,H2) -> 7 | K2: Até | L2: 5000 | M2: =COUNTIF(Página1!$E$2:$E$503,"<="&L2) -> 231 | N2: =SUMIF(Página1!$E$2:$E$503,"<="&L2) -> 692742 | O2: =N2/Página1!$E$504 -> 0.060832322 | P2: =M2/497 -> 0.46478873
A3: 198 | B3: Água Santa | C3: 291.503 | D3: 0.1035 | H3: Camaquã | I3: =SUMIF(Página1!$H$2:$H$503,H3,Página1!$G$2:$G$503) -> 5664.363 | J3: =COUNTIF(Página1!$H$2:$H$503,H3) -> 8 | K3: Até | L3: 10000 | M3: =COUNTIFS(Página1!$E$2:$E$503,"<="&L3,Página1!$E$2:$E$503,">"&L2) -> 99 | N3: =SUMIFS(Página1!$E$2:$E$503,Página1!$E$2:E$503,"<="&L3,Página1!$E$2:$E$503,">"&L2) -> 672962 | O3: =N3/Página1!$E$504 -> 0.059095365 | P3: =M3/497 -> 0.19919517
A4: 114 | B4: Agudo | C4: 534.624 | D4: 0.1898 | H4: Campanha Central | I4: =SUMIF(Página1!$H$2:$H$503,H4,Página1!$G$2:$G$503) -> 17297.266 | J4: =COUNTIF(Página1!$H$2:$H$503,H4) -> 4 | K4: Até | L4: 15000 | M4: =COUNTIFS(Página1!$E$2:$E$503,"<="&L4,Página1!$E$2:$E$503,">"&L3) -> 41 | N4: =SUMIFS(Página1!$E$2:$E$503,Página1!$E$2:E$503,"<="&L4,Página1!$E$2:$E$503,">"&L3) -> 495650 | O4: =N4/Página1!$E$504 -> 0.043524921 | P4: =M4/497 -> 0.08249497
A5: 181 | B5: Ajuricaba | C5: 322.699 | D5: 0.1146 | H5: Campanha Meridional | I5: =SUMIF(Página1!$H$2:$H$503,H5,Página1!$G$2:$G$503) -> 14259.327 | J5: =COUNTIF(Página1!$H$2:$H$503,H5) -> 5 | K5: Até | L5: 20000 | M5: =COUNTIFS(Página1!$E$2:$E$503,"<="&L5,Página1!$E$2:$E$503,">"&L4) -> 17 | N5: =SUMIFS(Página1!$E$2:$E$503,Página1!$E$2:E$503,"<="&L5,Página1!$E$2:$E$503,">"&L4) -> 288274 | O5: =N5/Página1!$E$504 -> 0.025314442 | P5: =M5/497 -> 0.034205231
A6: 182 | B6: Alecrim | C6: 316.394 | D6: 0.1123 | H6: Campanha Ocidental | I6: =SUMIF(Página1!$H$2:$H$503,H6,Página1!$G$2:$G$503) -> 31107.195 | J6: =COUNTIF(Página1!$H$2:$H$503,H6) -> 10 | K6: Até | L6: 25000 | M6: =COUNTIFS(Página1!$E$2:$E$503,"<="&L6,Página1!$E$2:$E$503,">"&L5) -> 20 | N6: =SUMIFS(Página1!$E$2:$E$503,Página1!$E$2:E$503,"<="&L6,Página1!$E$2:$E$503,">"&L5) -> 451057 | O6: =N6/Página1!$E$504 -> 0.039609039 | P6: =M6/497 -> 0.040241449
A7: 1 | B7: Alegrete | C7: 7800.163 | D7: 2.7689 | H7: Carazinho | I7: =SUMIF(Página1!$H$2:$H$503,H7,Página1!$G$2:$G$503) -> 5188.101 | J7: =COUNTIF(Página1!$H$2:$H$503,H7) -> 18 | K7: Até | L7: 30000 | M7: =COUNTIFS(Página1!$E$2:$E$503,"<="&L7,Página1!$E$2:$E$503,">"&L6) -> 16 | N7: =SUMIFS(Página1!$E$2:$E$503,Página1!$E$2:E$503,"<="&L7,Página1!$E$2:$E$503,">"&L6) -> 438488 | O7: =N7/Página1!$E$504 -> 0.038505307 | P7: =M7/497 -> 0.032193159
A8: 311 | B8: Alegria | C8: 172.794 | D8: 0.0613 | H8: Caxias do Sul | I8: =SUMIF(Página1!$H$2:$H$503,H8,Página1!$G$2:$G$503) -> 4967.35 | J8: =COUNTIF(Página1!$H$2:$H$503,H8) -> 19 | K8: Até | L8: 40000 | M8: =COUNTIFS(Página1!$E$2:$E$503,"<="&L8,Página1!$E$2:$E$503,">"&L7) -> 19 | N8: =SUMIFS(Página1!$E$2:$E$503,Página1!$E$2:E$503,"<="&L8,Página1!$E$2:$E$503,">"&L7) -> 662629 | O8: =N8/Página1!$E$504 -> 0.058187985 | P8: =M8/497 -> 0.038229376
A9: 220 | B9: Almirante Tamandaré do Sul | C9: 265.327 | D9: 0.0942 | H9: Cerro Largo | I9: =SUMIF(Página1!$H$2:$H$503,H9,Página1!$G$2:$G$503) -> 2253.722 | J9: =COUNTIF(Página1!$H$2:$H$503,H9) -> 11 | K9: Até | L9: 50000 | M9: =COUNTIFS(Página1!$E$2:$E$503,"<="&L9,Página1!$E$2:$E$503,">"&L8) -> 9 | N9: =SUMIFS(Página1!$E$2:$E$503,Página1!$E$2:E$503,"<="&L9,Página1!$E$2:$E$503,">"&L8) -> 396795 | O9: =N9/Página1!$E$504 -> 0.034844085 | P9: =M9/497 -> 0.018108652
A10: 178 | B10: Alpestre | C10: 325.979 | D10: 0.1157 | H10: Cruz Alta | I10: =SUMIF(Página1!$H$2:$H$503,H10,Página1!$G$2:$G$503) -> 8453.302 | J10: =COUNTIF(Página1!$H$2:$H$503,H10) -> 14 | K10: Até | L10: 60000 | M10: =COUNTIFS(Página1!$E$2:$E$503,"<="&L10,Página1!$E$2:$E$503,">"&L9) -> 6 | N10: =SUMIFS(Página1!$E$2:$E$503,Página1!$E$2:E$503,"<="&L10,Página1!$E$2:$E$503,">"&L9) -> 326569 | O10: =N10/Página1!$E$504 -> 0.028677272 | P10: =M10/497 -> 0.012072435
A11: 387 | B11: Alto Alegre | C11: 115.335 | D11: 0.0409 | H11: Erechim | I11: =SUMIF(Página1!$H$2:$H$503,H11,Página1!$G$2:$G$503) -> 5724.88 | J11: =COUNTIF(Página1!$H$2:$H$503,H11) -> 30 | K11: Até | L11: 70000 | M11: =COUNTIFS(Página1!$E$2:$E$503,"<="&L11,Página1!$E$2:$E$503,">"&L10) -> 8 | N11: =SUMIFS(Página1!$E$2:$E$503,Página1!$E$2:E$503,"<="&L11,Página1!$E$2:$E$503,">"&L10) -> 509251 | O11: =N11/Página1!$E$504 -> 0.044719276 | P11: =M11/497 -> 0.016096579
A12: 450 | B12: Alto Feliz | C12: 78.846 | D12: 0.028 | H12: Frederico Westphalen | I12: =SUMIF(Página1!$H$2:$H$503,H12,Página1!$G$2:$G$503) -> 5147.84 | J12: =COUNTIF(Página1!$H$2:$H$503,H12) -> 27 | K12: Até | L12: 80000 | M12: =COUNTIFS(Página1!$E$2:$E$503,"<="&L12,Página1!$E$2:$E$503,">"&L11) -> 6 | N12: =SUMIFS(Página1!$E$2:$E$503,Página1!$E$2:E$503,"<="&L12,Página1!$E$2:$E$503,">"&L11) -> 445348 | O12: =N12/Página1!$E$504 -> 0.03910771 | P12: =M12/497 -> 0.012072435
A13: 464 | B13: Alvorada | C13: 71.648 | D13: 0.0254 | H13: Gramado-Canela | I13: =SUMIF(Página1!$H$2:$H$503,H13,Página1!$G$2:$G$503) -> 2761.816 | J13: =COUNTIF(Página1!$H$2:$H$503,H13) -> 15 | K13: Até | L13: 90000 | M13: =COUNTIFS(Página1!$E$2:$E$503,"<="&L13,Página1!$E$2:$E$503,">"&L12) -> 5 | N13: =SUMIFS(Página1!$E$2:$E$503,Página1!$E$2:E$503,"<="&L13,Página1!$E$2:$E$503,">"&L12) -> 414626 | O13: =N13/Página1!$E$504 -> 0.036409893 | P13: =M13/497 -> 0.010060362
A14: 123 | B14: Amaral Ferrador | C14: 505.983 | D14: 0.1796 | H14: Guaporé | I14: =SUMIF(Página1!$H$2:$H$503,H14,Página1!$G$2:$G$503) -> 3591.154 | J14: =COUNTIF(Página1!$H$2:$H$503,H14) -> 21 | K14: Até | L14: 100000 | M14: =COUNTIFS(Página1!$E$2:$E$503,"<="&L14,Página1!$E$2:$E$503,">"&L13) -> 1 | N14: =SUMIFS(Página1!$E$2:$E$503,Página1!$E$2:E$503,"<="&L14,Página1!$E$2:$E$503,">"&L13) -> 98143 | O14: =N14/Página1!$E$504 -> 0.0086183119 | P14: =M14/497 -> 0.0020120724
... A17: 242 | B17: Anta Gorda | C17: 242.26 | D17: 0.086 | H17: Lajeado Estrela | I17: =SUMIF(Página1!$H$2:$H$503,H17,Página1!$G$2:$G$503) -> 286.5 | J17: =COUNTIF(Página1!$H$2:$H$503,H17) -> 2 | K17: Até | L17: 350000 | M17: =COUNTIFS(Página1!$E$2:$E$503,"<="&L17,Página1!$E$2:$E$503,">"&L16) -> 4 | N17: =SUMIFS(Página1!$E$2:$E$503,Página1!$E$2:E$503,"<="&L17,Página1!$E$2:$E$503,">"&L16) -> 1161808 | O17: =N17/Página1!$E$504 -> 0.1020228 | P17: =M17/497 -> 0.0080482897
A18: 167 | B18: Antônio Prado | C18: 348.191 | D18: 0.1236 | H18: Lajeado-Estrela | I18: =SUMIF(Página1!$H$2:$H$503,H18,Página1!$G$2:$G$503) -> 3768.721 | J18: =COUNTIF(Página1!$H$2:$H$503,H18) -> 29 | K18: Acima | L18: 350000 | M18: =COUNTIF(Página1!$E$2:$E$503,">="&L18) -> 3 | N18: =SUMIF(Página1!$E$2:$E$503,">="&L18) -> 2349006 | O18: =N18/Página1!$E$504 -> 0.20627519 | P18: =M18/497 -> 0.0060362173
A19: 116 | B19: Arambaré | C19: 518.193 | D19: 0.1839 | H19: Litoral Lagunar | I19: =SUMIF(Página1!$H$2:$H$503,H19,Página1!$G$2:$G$503) -> 9179.269 | J19: =COUNTIF(Página1!$H$2:$H$503,H19) -> 4
A20: 493 | B20: Araricá | C20: 35.296 | D20: 0.0125 | H20: Montenegro | I20: =SUMIF(Página1!$H$2:$H$503,H20,Página1!$G$2:$G$503) -> 2081.575 | J20: =COUNTIF(Página1!$H$2:$H$503,H20) -> 21
A21: 168 | B21: Aratiba | C21: 342.279 | D21: 0.1215 | H21: Não-Me-Toque | I21: =SUMIF(Página1!$H$2:$H$503,H21,Página1!$G$2:$G$503) -> 1495.069 | J21: =COUNTIF(Página1!$H$2:$H$503,H21) -> 7
A22: 328 | B22: Arroio do Meio | C22: 157.58 | D22: 0.0559 | H22: Osório | I22: =SUMIF(Página1!$H$2:$H$503,H22,Página1!$G$2:$G$503) -> 8766.414 | J22: =COUNTIF(Página1!$H$2:$H$503,H22) -> 23
A23: 374 | B23: Arroio do Padre | C23: 124.693 | D23: 0.0443 | H23: Passo Fundo | I23: =SUMIF(Página1!$H$2:$H$503,H23,Página1!$G$2:$G$503) -> 7063.617 | J23: =COUNTIF(Página1!$H$2:$H$503,H23) -> 26
A24: 384 | B24: Arroio do Sal | C24: 119.163 | D24: 0.0423 | H24: Pelotas | I24: =SUMIF(Página1!$H$2:$H$503,H24,Página1!$G$2:$G$503) -> 10316.277 | J24: =COUNTIF(Página1!$H$2:$H$503,H24) -> 10
A25: 183 | B25: Arroio do Tigre | C25: 315.132 | D25: 0.1119 | H25: Porto Alegre | I25: =SUMIF(Página1!$H$2:$H$503,H25,Página1!$G$2:$G$503) -> 5588.014 | J25: =COUNTIF(Página1!$H$2:$H$503,H25) -> 22
A26: 143 | B26: Arroio dos Ratos | C26: 425.791 | D26: 0.1511 | H26: Restinga Seca | I26: =SUMIF(Página1!$H$2:$H$503,H26,Página1!$G$2:$G$503) -> 3000.93 | J26: =COUNTIF(Página1!$H$2:$H$503,H26) -> 9
A27: 21 | B27: Arroio Grande | C27: 2508.545 | D27: 0.8905 | H27: Sananduva | I27: =SUMIF(Página1!$H$2:$H$503,H27,Página1!$G$2:$G$503) -> 3065.646 | J27: =COUNTIF(Página1!$H$2:$H$503,H27) -> 11
A28: 214 | B28: Arvorezinha | C28: 270.241 | D28: 0.0959 | H28: Santa Cruz do Sul | I28: =SUMIF(Página1!$H$2:$H$503,H28,Página1!$G$2:$G$503) -> 5475.222 | J28: =COUNTIF(Página1!$H$2:$H$503,H28) -> 16
A29: 166 | B29: Augusto Pestana | C29: 348.33 | D29: 0.1236 | H29: Santa Maria | I29: =SUMIF(Página1!$H$2:$H$503,H29,Página1!$G$2:$G$503) -> 11735.54 | J29: =COUNTIF(Página1!$H$2:$H$503,H29) -> 13
A30: 329 | B30: Áurea | C30: 156.727 | D30: 0.0556 | H30: Santa Rosa | I30: =SUMIF(Página1!$H$2:$H$503,H30,Página1!$G$2:$G$503) -> 3456.055 | J30: =COUNTIF(Página1!$H$2:$H$503,H30) -> 13
... A37: 61 | B37: Barra do Quaraí | C37: 1055.937 | D37: 0.3748 | H37: Vacaria | I37: =SUMIF(Página1!$H$2:$H$503,H37,Página1!$G$2:$G$503) -> 17238.692 | J37: =COUNTIF(Página1!$H$2:$H$503,H37) -> 14
A38: 87 | B38: Barra do Ribeiro | C38: 729.316 | D38: 0.2589
A39: 342 | B39: Barra do Rio Azul | C39: 146.995 | D39: 0.0522
A40: 480 | B40: Barra Funda | C40: 60.437 | D40: 0.0215
A41: 117 | B41: Barracão | C41: 515.469 | D41: 0.183
A42: 99 | B42: Barros Cassal | C42: 647.994 | D42: 0.23
A43: 360 | B43: Benjamin Constant do Sul | C43: 132.351 | D43: 0.047
A44: 212 | B44: Bento Gonçalves | C44: 273.576 | D44: 0.0971
A45: 287 | B45: Boa Vista das Missões | C45: 196.064 | D45: 0.0696
A46: 398 | B46: Boa Vista do Buricá | C46: 109.557 | D46: 0.0389
A47: 88 | B47: Boa Vista do Cadeado | C47: 701.315 | D47: 0.249
A48: 125 | B48: Boa Vista do Incra | C48: 504.114 | D48: 0.1789
A49: 432 | B49: Boa Vista do Sul | C49: 92.956 | D49: 0.033
... A498: 479 | B498: Xangri-lá | C498: 60.799 | D498: 0.0216

Sheet Página4

Sheet Página5
